timestamp,actor,action,details
2025-01-03T10:00:00,Admin,Throttle RSTP to 564kbps,Bandwidth management for 29h (traffic was high)
2025-01-03T10:00:00,System,update,"{'old_action': <ActionType.ALLOW: 'allow'>, 'new_action': <ActionType.THROTTLE: 'throttle'>, 'throttle': 564, 'qos': 0}"
2025-01-03T14:00:00,System,reset_defaults,All protocols reset to ALLOW
2025-01-03T16:00:00,System,reset_defaults,All protocols reset to ALLOW
2025-01-04T15:00:00,Admin (Auto-Revert),Revert RSTP to allow,End throttling
2025-01-04T15:00:00,System,update,"{'old_action': <ActionType.ALLOW: 'allow'>, 'new_action': <ActionType.ALLOW: 'allow'>, 'throttle': None, 'qos': 0}"
2025-01-07T15:00:00,Admin,Throttle ICMP to 106kbps,Bandwidth management for 28h (traffic was high)
2025-01-07T15:00:00,System,update,"{'old_action': <ActionType.ALLOW: 'allow'>, 'new_action': <ActionType.THROTTLE: 'throttle'>, 'throttle': 106, 'qos': 0}"
2025-01-08T19:00:00,Admin (Auto-Revert),Revert ICMP to allow,End throttling
2025-01-08T19:00:00,System,update,"{'old_action': <ActionType.THROTTLE: 'throttle'>, 'new_action': <ActionType.ALLOW: 'allow'>, 'throttle': 106, 'qos': 0}"
2025-01-09T15:00:00,Admin,Throttle DNS to 755kbps,Bandwidth management for 14h (traffic was high)
2025-01-09T15:00:00,System,update,"{'old_action': <ActionType.ALLOW: 'allow'>, 'new_action': <ActionType.THROTTLE: 'throttle'>, 'throttle': 755, 'qos': 0}"
2025-01-10T05:00:00,Admin (Auto-Revert),Revert DNS to allow,End throttling
2025-01-10T05:00:00,System,update,"{'old_action': <ActionType.THROTTLE: 'throttle'>, 'new_action': <ActionType.ALLOW: 'allow'>, 'throttle': 755, 'qos': 0}"
2025-01-10T13:00:00,Admin,Throttle RSTP to 874kbps,Bandwidth management for 43h (traffic was high)
2025-01-10T13:00:00,System,update,"{'old_action': <ActionType.ALLOW: 'allow'>, 'new_action': <ActionType.THROTTLE: 'throttle'>, 'throttle': 874, 'qos': 0}"
2025-01-10T16:00:00,System,reset_defaults,All protocols reset to ALLOW
2025-01-10T18:00:00,System,reset_defaults,All protocols reset to ALLOW
2025-01-12T08:00:00,Admin (Auto-Revert),Revert RSTP to allow,End throttling
2025-01-12T08:00:00,System,update,"{'old_action': <ActionType.ALLOW: 'allow'>, 'new_action': <ActionType.ALLOW: 'allow'>, 'throttle': None, 'qos': 0}"
2025-01-13T16:00:00,Admin,Throttle HTTP to 683kbps,Bandwidth management for 18h (traffic was high)
2025-01-13T16:00:00,System,update,"{'old_action': <ActionType.ALLOW: 'allow'>, 'new_action': <ActionType.THROTTLE: 'throttle'>, 'throttle': 683, 'qos': 0}"
2025-01-14T10:00:00,Admin (Auto-Revert),Revert HTTP to allow,End throttling
2025-01-14T10:00:00,System,update,"{'old_action': <ActionType.THROTTLE: 'throttle'>, 'new_action': <ActionType.ALLOW: 'allow'>, 'throttle': 683, 'qos': 0}"
2025-01-14T11:00:00,Admin,Throttle RSTP to 555kbps,Bandwidth management for 15h (traffic was high)
2025-01-14T11:00:00,System,update,"{'old_action': <ActionType.ALLOW: 'allow'>, 'new_action': <ActionType.THROTTLE: 'throttle'>, 'throttle': 555, 'qos': 0}"
2025-01-14T14:00:00,System,reset_defaults,All protocols reset to ALLOW
2025-01-14T16:00:00,System,reset_defaults,All protocols reset to ALLOW
2025-01-15T02:00:00,Admin (Auto-Revert),Revert RSTP to allow,End throttling
2025-01-15T02:00:00,System,update,"{'old_action': <ActionType.ALLOW: 'allow'>, 'new_action': <ActionType.ALLOW: 'allow'>, 'throttle': None, 'qos': 0}"
2025-01-15T10:00:00,Admin,Throttle RSTP to 882kbps,Bandwidth management for 35h (traffic was high)
2025-01-15T10:00:00,System,update,"{'old_action': <ActionType.ALLOW: 'allow'>, 'new_action': <ActionType.THROTTLE: 'throttle'>, 'throttle': 882, 'qos': 0}"
2025-01-15T13:00:00,Admin,Throttle RSTP to 727kbps,Bandwidth management for 17h (traffic was high)
2025-01-15T13:00:00,System,update,"{'old_action': <ActionType.THROTTLE: 'throttle'>, 'new_action': <ActionType.THROTTLE: 'throttle'>, 'throttle': 727, 'qos': 0}"
2025-01-15T14:00:00,System,reset_defaults,All protocols reset to ALLOW
2025-01-15T16:00:00,Admin,Disable HTTP,"Investigating issue, blocked for 8h"
2025-01-15T16:00:00,System,update,"{'old_action': <ActionType.ALLOW: 'allow'>, 'new_action': <ActionType.DENY: 'deny'>, 'throttle': None, 'qos': 0}"
2025-01-15T16:00:00,System,reset_defaults,All protocols reset to ALLOW
2025-01-16T00:00:00,Admin (Auto-Revert),Revert HTTP to allow,Planned maintenance end
2025-01-16T00:00:00,System,update,"{'old_action': <ActionType.ALLOW: 'allow'>, 'new_action': <ActionType.ALLOW: 'allow'>, 'throttle': None, 'qos': 0}"
2025-01-16T06:00:00,Admin (Auto-Revert),Revert RSTP to allow,End throttling
2025-01-16T06:00:00,System,update,"{'old_action': <ActionType.ALLOW: 'allow'>, 'new_action': <ActionType.ALLOW: 'allow'>, 'throttle': None, 'qos': 0}"
2025-01-16T12:00:00,Admin,Throttle RSTP to 225kbps,Bandwidth management for 36h (traffic was high)
2025-01-16T12:00:00,System,update,"{'old_action': <ActionType.ALLOW: 'allow'>, 'new_action': <ActionType.THROTTLE: 'throttle'>, 'throttle': 225, 'qos': 0}"
2025-01-16T15:00:00,System,reset_defaults,All protocols reset to ALLOW
2025-01-16T17:00:00,System,reset_defaults,All protocols reset to ALLOW
2025-01-16T21:00:00,Admin (Auto-Revert),Revert RSTP to allow,End throttling
2025-01-16T21:00:00,System,update,"{'old_action': <ActionType.ALLOW: 'allow'>, 'new_action': <ActionType.ALLOW: 'allow'>, 'throttle': None, 'qos': 0}"
2025-01-18T00:00:00,Admin (Auto-Revert),Revert RSTP to allow,End throttling
2025-01-18T00:00:00,System,update,"{'old_action': <ActionType.ALLOW: 'allow'>, 'new_action': <ActionType.ALLOW: 'allow'>, 'throttle': None, 'qos': 0}"
2025-01-23T15:00:00,Admin,Throttle RSTP to 706kbps,Bandwidth management for 30h (traffic was high)
2025-01-23T15:00:00,System,update,"{'old_action': <ActionType.ALLOW: 'allow'>, 'new_action': <ActionType.THROTTLE: 'throttle'>, 'throttle': 706, 'qos': 0}"
2025-01-23T18:00:00,System,reset_defaults,All protocols reset to ALLOW
2025-01-24T21:00:00,Admin (Auto-Revert),Revert RSTP to allow,End throttling
2025-01-24T21:00:00,System,update,"{'old_action': <ActionType.ALLOW: 'allow'>, 'new_action': <ActionType.ALLOW: 'allow'>, 'throttle': None, 'qos': 0}"
2025-02-03T14:00:00,Admin,Throttle ICMP to 848kbps,Bandwidth management for 26h (traffic was high)
2025-02-03T14:00:00,System,update,"{'old_action': <ActionType.ALLOW: 'allow'>, 'new_action': <ActionType.THROTTLE: 'throttle'>, 'throttle': 848, 'qos': 0}"
2025-02-04T16:00:00,Admin (Auto-Revert),Revert ICMP to allow,End throttling
2025-02-04T16:00:00,System,update,"{'old_action': <ActionType.THROTTLE: 'throttle'>, 'new_action': <ActionType.ALLOW: 'allow'>, 'throttle': 848, 'qos': 0}"
2025-02-05T10:00:00,Admin,Throttle HTTPS to 697kbps,Bandwidth management for 33h (traffic was high)
2025-02-05T10:00:00,System,update,"{'old_action': <ActionType.ALLOW: 'allow'>, 'new_action': <ActionType.THROTTLE: 'throttle'>, 'throttle': 697, 'qos': 0}"
2025-02-06T10:00:00,Admin,Throttle RSTP to 519kbps,Bandwidth management for 41h (traffic was high)
2025-02-06T10:00:00,System,update,"{'old_action': <ActionType.ALLOW: 'allow'>, 'new_action': <ActionType.THROTTLE: 'throttle'>, 'throttle': 519, 'qos': 0}"
2025-02-06T15:00:00,System,reset_defaults,All protocols reset to ALLOW
2025-02-06T17:00:00,System,reset_defaults,All protocols reset to ALLOW
2025-02-06T19:00:00,Admin (Auto-Revert),Revert HTTPS to allow,End throttling
2025-02-06T19:00:00,System,update,"{'old_action': <ActionType.ALLOW: 'allow'>, 'new_action': <ActionType.ALLOW: 'allow'>, 'throttle': None, 'qos': 0}"
2025-02-07T10:00:00,Admin,Disable RSTP,"Investigating issue, blocked for 8h"
2025-02-07T10:00:00,System,update,"{'old_action': <ActionType.ALLOW: 'allow'>, 'new_action': <ActionType.DENY: 'deny'>, 'throttle': None, 'qos': 0}"
2025-02-07T18:00:00,Admin (Auto-Revert),Revert RSTP to allow,Planned maintenance end
2025-02-07T18:00:00,System,update,"{'old_action': <ActionType.DENY: 'deny'>, 'new_action': <ActionType.ALLOW: 'allow'>, 'throttle': None, 'qos': 0}"
2025-02-08T03:00:00,Admin (Auto-Revert),Revert RSTP to allow,End throttling
2025-02-08T03:00:00,System,update,"{'old_action': <ActionType.ALLOW: 'allow'>, 'new_action': <ActionType.ALLOW: 'allow'>, 'throttle': None, 'qos': 0}"
2025-02-11T12:00:00,Admin,Throttle RSTP to 457kbps,Bandwidth management for 5h (traffic was high)
2025-02-11T12:00:00,System,update,"{'old_action': <ActionType.ALLOW: 'allow'>, 'new_action': <ActionType.THROTTLE: 'throttle'>, 'throttle': 457, 'qos': 0}"
2025-02-11T16:00:00,System,reset_defaults,All protocols reset to ALLOW
2025-02-11T18:00:00,Admin (Auto-Revert),Revert RSTP to allow,End throttling
2025-02-11T18:00:00,System,update,"{'old_action': <ActionType.ALLOW: 'allow'>, 'new_action': <ActionType.ALLOW: 'allow'>, 'throttle': None, 'qos': 0}"
2025-02-11T18:00:00,System,reset_defaults,All protocols reset to ALLOW
2025-02-18T12:00:00,Admin,Throttle ICMP to 309kbps,Bandwidth management for 24h (traffic was high)
2025-02-18T12:00:00,System,update,"{'old_action': <ActionType.ALLOW: 'allow'>, 'new_action': <ActionType.THROTTLE: 'throttle'>, 'throttle': 309, 'qos': 0}"
2025-02-19T12:00:00,Admin (Auto-Revert),Revert ICMP to allow,End throttling
2025-02-19T12:00:00,System,update,"{'old_action': <ActionType.THROTTLE: 'throttle'>, 'new_action': <ActionType.ALLOW: 'allow'>, 'throttle': 309, 'qos': 0}"
2025-02-20T11:00:00,Admin,Throttle RSTP to 452kbps,Bandwidth management for 31h (traffic was high)
2025-02-20T11:00:00,System,update,"{'old_action': <ActionType.ALLOW: 'allow'>, 'new_action': <ActionType.THROTTLE: 'throttle'>, 'throttle': 452, 'qos': 0}"
2025-02-20T14:00:00,System,reset_defaults,All protocols reset to ALLOW
2025-02-20T16:00:00,System,reset_defaults,All protocols reset to ALLOW
2025-02-21T18:00:00,Admin (Auto-Revert),Revert RSTP to allow,End throttling
2025-02-21T18:00:00,System,update,"{'old_action': <ActionType.ALLOW: 'allow'>, 'new_action': <ActionType.ALLOW: 'allow'>, 'throttle': None, 'qos': 0}"
2025-03-03T09:00:00,Admin,Throttle RSTP to 720kbps,Bandwidth management for 24h (traffic was high)
2025-03-03T09:00:00,System,update,"{'old_action': <ActionType.ALLOW: 'allow'>, 'new_action': <ActionType.THROTTLE: 'throttle'>, 'throttle': 720, 'qos': 0}"
2025-03-03T10:00:00,Admin,Throttle DNS to 888kbps,Bandwidth management for 15h (traffic was high)
2025-03-03T10:00:00,System,update,"{'old_action': <ActionType.ALLOW: 'allow'>, 'new_action': <ActionType.THROTTLE: 'throttle'>, 'throttle': 888, 'qos': 0}"
2025-03-03T12:00:00,System,reset_defaults,All protocols reset to ALLOW
2025-03-03T14:00:00,System,reset_defaults,All protocols reset to ALLOW
2025-03-04T01:00:00,Admin (Auto-Revert),Revert DNS to allow,End throttling
2025-03-04T01:00:00,System,update,"{'old_action': <ActionType.ALLOW: 'allow'>, 'new_action': <ActionType.ALLOW: 'allow'>, 'throttle': None, 'qos': 0}"
2025-03-04T09:00:00,Admin (Auto-Revert),Revert RSTP to allow,End throttling
2025-03-04T09:00:00,System,update,"{'old_action': <ActionType.ALLOW: 'allow'>, 'new_action': <ActionType.ALLOW: 'allow'>, 'throttle': None, 'qos': 0}"
2025-03-04T12:00:00,Admin,Disable RSTP,"Investigating issue, blocked for 12h"
2025-03-04T12:00:00,System,update,"{'old_action': <ActionType.ALLOW: 'allow'>, 'new_action': <ActionType.DENY: 'deny'>, 'throttle': None, 'qos': 0}"
2025-03-05T00:00:00,Admin (Auto-Revert),Revert RSTP to allow,Planned maintenance end
2025-03-05T00:00:00,System,update,"{'old_action': <ActionType.DENY: 'deny'>, 'new_action': <ActionType.ALLOW: 'allow'>, 'throttle': None, 'qos': 0}"
2025-03-06T14:00:00,Admin,Throttle FTP to 751kbps,Bandwidth management for 29h (traffic was high)
2025-03-06T14:00:00,System,update,"{'old_action': <ActionType.ALLOW: 'allow'>, 'new_action': <ActionType.THROTTLE: 'throttle'>, 'throttle': 751, 'qos': 0}"
2025-03-07T19:00:00,Admin (Auto-Revert),Revert FTP to allow,End throttling
2025-03-07T19:00:00,System,update,"{'old_action': <ActionType.THROTTLE: 'throttle'>, 'new_action': <ActionType.ALLOW: 'allow'>, 'throttle': 751, 'qos': 0}"
2025-03-10T10:00:00,Admin,Disable FTP,"Investigating issue, blocked for 12h"
2025-03-10T10:00:00,System,update,"{'old_action': <ActionType.ALLOW: 'allow'>, 'new_action': <ActionType.DENY: 'deny'>, 'throttle': 751, 'qos': 0}"
2025-03-10T22:00:00,Admin (Auto-Revert),Revert FTP to allow,Planned maintenance end
2025-03-10T22:00:00,System,update,"{'old_action': <ActionType.DENY: 'deny'>, 'new_action': <ActionType.ALLOW: 'allow'>, 'throttle': 751, 'qos': 0}"
2025-03-14T16:00:00,Admin,Throttle RSTP to 579kbps,Bandwidth management for 24h (traffic was high)
2025-03-14T16:00:00,System,update,"{'old_action': <ActionType.ALLOW: 'allow'>, 'new_action': <ActionType.THROTTLE: 'throttle'>, 'throttle': 579, 'qos': 0}"
2025-03-14T19:00:00,System,reset_defaults,All protocols reset to ALLOW
2025-03-14T21:00:00,System,reset_defaults,All protocols reset to ALLOW
2025-03-15T16:00:00,Admin (Auto-Revert),Revert RSTP to allow,End throttling
2025-03-15T16:00:00,System,update,"{'old_action': <ActionType.ALLOW: 'allow'>, 'new_action': <ActionType.ALLOW: 'allow'>, 'throttle': None, 'qos': 0}"
2025-03-17T09:00:00,Admin,Throttle SNMP to 870kbps,Bandwidth management for 40h (traffic was high)
2025-03-17T09:00:00,System,update,"{'old_action': <ActionType.ALLOW: 'allow'>, 'new_action': <ActionType.THROTTLE: 'throttle'>, 'throttle': 870, 'qos': 0}"
2025-03-17T14:00:00,Admin,Throttle RSTP to 584kbps,Bandwidth management for 10h (traffic was high)
2025-03-17T14:00:00,System,update,"{'old_action': <ActionType.ALLOW: 'allow'>, 'new_action': <ActionType.THROTTLE: 'throttle'>, 'throttle': 584, 'qos': 0}"
2025-03-17T17:00:00,Admin,Disable HTTPS,"Investigating issue, blocked for 9h"
2025-03-17T17:00:00,System,update,"{'old_action': <ActionType.ALLOW: 'allow'>, 'new_action': <ActionType.DENY: 'deny'>, 'throttle': None, 'qos': 0}"
2025-03-17T17:00:00,System,reset_defaults,All protocols reset to ALLOW
2025-03-17T19:00:00,System,reset_defaults,All protocols reset to ALLOW
2025-03-18T00:00:00,Admin (Auto-Revert),Revert RSTP to allow,End throttling
2025-03-18T00:00:00,System,update,"{'old_action': <ActionType.ALLOW: 'allow'>, 'new_action': <ActionType.ALLOW: 'allow'>, 'throttle': None, 'qos': 0}"
2025-03-18T02:00:00,Admin (Auto-Revert),Revert HTTPS to allow,Planned maintenance end
2025-03-18T02:00:00,System,update,"{'old_action': <ActionType.ALLOW: 'allow'>, 'new_action': <ActionType.ALLOW: 'allow'>, 'throttle': None, 'qos': 0}"
2025-03-18T10:00:00,Admin,Throttle RSTP to 842kbps,Bandwidth management for 11h (traffic was high)
2025-03-18T10:00:00,System,update,"{'old_action': <ActionType.ALLOW: 'allow'>, 'new_action': <ActionType.THROTTLE: 'throttle'>, 'throttle': 842, 'qos': 0}"
2025-03-18T13:00:00,System,reset_defaults,All protocols reset to ALLOW
2025-03-18T15:00:00,System,reset_defaults,All protocols reset to ALLOW
2025-03-18T21:00:00,Admin (Auto-Revert),Revert RSTP to allow,End throttling
2025-03-18T21:00:00,System,update,"{'old_action': <ActionType.ALLOW: 'allow'>, 'new_action': <ActionType.ALLOW: 'allow'>, 'throttle': None, 'qos': 0}"
2025-03-19T01:00:00,Admin (Auto-Revert),Revert SNMP to allow,End throttling
2025-03-19T01:00:00,System,update,"{'old_action': <ActionType.ALLOW: 'allow'>, 'new_action': <ActionType.ALLOW: 'allow'>, 'throttle': None, 'qos': 0}"
2025-03-20T11:00:00,Admin,Disable RSTP,"Investigating issue, blocked for 10h"
2025-03-20T11:00:00,System,update,"{'old_action': <ActionType.ALLOW: 'allow'>, 'new_action': <ActionType.DENY: 'deny'>, 'throttle': None, 'qos': 0}"
2025-03-20T16:00:00,Admin,Throttle RSTP to 579kbps,Bandwidth management for 19h (traffic was high)
2025-03-20T16:00:00,System,update,"{'old_action': <ActionType.DENY: 'deny'>, 'new_action': <ActionType.THROTTLE: 'throttle'>, 'throttle': 579, 'qos': 0}"
2025-03-20T19:00:00,System,reset_defaults,All protocols reset to ALLOW
2025-03-20T21:00:00,Admin (Auto-Revert),Revert RSTP to allow,Planned maintenance end
2025-03-20T21:00:00,System,update,"{'old_action': <ActionType.ALLOW: 'allow'>, 'new_action': <ActionType.ALLOW: 'allow'>, 'throttle': None, 'qos': 0}"
2025-03-20T21:00:00,System,reset_defaults,All protocols reset to ALLOW
2025-03-21T11:00:00,Admin (Auto-Revert),Revert RSTP to allow,End throttling
2025-03-21T11:00:00,System,update,"{'old_action': <ActionType.ALLOW: 'allow'>, 'new_action': <ActionType.ALLOW: 'allow'>, 'throttle': None, 'qos': 0}"
2025-03-21T13:00:00,Admin,Throttle RSTP to 534kbps,Bandwidth management for 44h (traffic was high)
2025-03-21T13:00:00,System,update,"{'old_action': <ActionType.ALLOW: 'allow'>, 'new_action': <ActionType.THROTTLE: 'throttle'>, 'throttle': 534, 'qos': 0}"
2025-03-21T16:00:00,System,reset_defaults,All protocols reset to ALLOW
2025-03-21T18:00:00,System,reset_defaults,All protocols reset to ALLOW
2025-03-23T09:00:00,Admin (Auto-Revert),Revert RSTP to allow,End throttling
2025-03-23T09:00:00,System,update,"{'old_action': <ActionType.ALLOW: 'allow'>, 'new_action': <ActionType.ALLOW: 'allow'>, 'throttle': None, 'qos': 0}"
2025-03-24T13:00:00,Admin,Throttle SMB to 571kbps,Bandwidth management for 14h (traffic was high)
2025-03-24T13:00:00,System,update,"{'old_action': <ActionType.ALLOW: 'allow'>, 'new_action': <ActionType.THROTTLE: 'throttle'>, 'throttle': 571, 'qos': 0}"
2025-03-25T03:00:00,Admin (Auto-Revert),Revert SMB to allow,End throttling
2025-03-25T03:00:00,System,update,"{'old_action': <ActionType.THROTTLE: 'throttle'>, 'new_action': <ActionType.ALLOW: 'allow'>, 'throttle': 571, 'qos': 0}"
2025-03-25T17:00:00,Admin,Throttle SMB to 333kbps,Bandwidth management for 26h (traffic was high)
2025-03-25T17:00:00,System,update,"{'old_action': <ActionType.ALLOW: 'allow'>, 'new_action': <ActionType.THROTTLE: 'throttle'>, 'throttle': 333, 'qos': 0}"
2025-03-26T19:00:00,Admin (Auto-Revert),Revert SMB to allow,End throttling
2025-03-26T19:00:00,System,update,"{'old_action': <ActionType.THROTTLE: 'throttle'>, 'new_action': <ActionType.ALLOW: 'allow'>, 'throttle': 333, 'qos': 0}"
2025-03-28T14:00:00,Admin,Disable RSTP,"Investigating issue, blocked for 16h"
2025-03-28T14:00:00,System,update,"{'old_action': <ActionType.ALLOW: 'allow'>, 'new_action': <ActionType.DENY: 'deny'>, 'throttle': None, 'qos': 0}"
2025-03-28T15:00:00,Admin,Throttle HTTPS to 389kbps,Bandwidth management for 12h (traffic was high)
2025-03-28T15:00:00,System,update,"{'old_action': <ActionType.ALLOW: 'allow'>, 'new_action': <ActionType.THROTTLE: 'throttle'>, 'throttle': 389, 'qos': 0}"
2025-03-28T17:00:00,Admin,Throttle RSTP to 568kbps,Bandwidth management for 41h (traffic was high)
2025-03-28T17:00:00,System,update,"{'old_action': <ActionType.DENY: 'deny'>, 'new_action': <ActionType.THROTTLE: 'throttle'>, 'throttle': 568, 'qos': 0}"
2025-03-29T03:00:00,Admin (Auto-Revert),Revert HTTPS to allow,End throttling
2025-03-29T03:00:00,System,update,"{'old_action': <ActionType.THROTTLE: 'throttle'>, 'new_action': <ActionType.ALLOW: 'allow'>, 'throttle': 389, 'qos': 0}"
2025-03-29T06:00:00,Admin (Auto-Revert),Revert RSTP to allow,Planned maintenance end
2025-03-29T06:00:00,System,update,"{'old_action': <ActionType.THROTTLE: 'throttle'>, 'new_action': <ActionType.ALLOW: 'allow'>, 'throttle': 568, 'qos': 0}"
2025-03-30T10:00:00,Admin (Auto-Revert),Revert RSTP to allow,End throttling
2025-03-30T10:00:00,System,update,"{'old_action': <ActionType.ALLOW: 'allow'>, 'new_action': <ActionType.ALLOW: 'allow'>, 'throttle': 568, 'qos': 0}"
2025-03-31T13:00:00,Admin,Throttle RSTP to 909kbps,Bandwidth management for 47h (traffic was high)
2025-03-31T13:00:00,System,update,"{'old_action': <ActionType.ALLOW: 'allow'>, 'new_action': <ActionType.THROTTLE: 'throttle'>, 'throttle': 909, 'qos': 0}"
2025-03-31T17:00:00,System,reset_defaults,All protocols reset to ALLOW
2025-03-31T19:00:00,System,reset_defaults,All protocols reset to ALLOW
2025-04-01T14:00:00,Admin,Throttle SMB to 484kbps,Bandwidth management for 5h (traffic was high)
2025-04-01T14:00:00,System,update,"{'old_action': <ActionType.ALLOW: 'allow'>, 'new_action': <ActionType.THROTTLE: 'throttle'>, 'throttle': 484, 'qos': 0}"
2025-04-01T19:00:00,Admin (Auto-Revert),Revert SMB to allow,End throttling
2025-04-01T19:00:00,System,update,"{'old_action': <ActionType.THROTTLE: 'throttle'>, 'new_action': <ActionType.ALLOW: 'allow'>, 'throttle': 484, 'qos': 0}"
2025-04-02T12:00:00,Admin (Auto-Revert),Revert RSTP to allow,End throttling
2025-04-02T12:00:00,System,update,"{'old_action': <ActionType.ALLOW: 'allow'>, 'new_action': <ActionType.ALLOW: 'allow'>, 'throttle': None, 'qos': 0}"
2025-04-03T17:00:00,Admin,Disable NTP,"Investigating issue, blocked for 12h"
2025-04-03T17:00:00,System,update,"{'old_action': <ActionType.ALLOW: 'allow'>, 'new_action': <ActionType.DENY: 'deny'>, 'throttle': None, 'qos': 0}"
2025-04-04T05:00:00,Admin (Auto-Revert),Revert NTP to allow,Planned maintenance end
2025-04-04T05:00:00,System,update,"{'old_action': <ActionType.DENY: 'deny'>, 'new_action': <ActionType.ALLOW: 'allow'>, 'throttle': None, 'qos': 0}"
2025-04-09T11:00:00,Admin,Throttle RSTP to 181kbps,Bandwidth management for 45h (traffic was high)
2025-04-09T11:00:00,System,update,"{'old_action': <ActionType.ALLOW: 'allow'>, 'new_action': <ActionType.THROTTLE: 'throttle'>, 'throttle': 181, 'qos': 0}"
2025-04-09T14:00:00,System,reset_defaults,All protocols reset to ALLOW
2025-04-09T16:00:00,Admin,Disable RSTP,"Investigating issue, blocked for 2h"
2025-04-09T16:00:00,System,update,"{'old_action': <ActionType.ALLOW: 'allow'>, 'new_action': <ActionType.DENY: 'deny'>, 'throttle': None, 'qos': 0}"
2025-04-09T16:00:00,System,reset_defaults,All protocols reset to ALLOW
2025-04-09T18:00:00,Admin (Auto-Revert),Revert RSTP to allow,Planned maintenance end
2025-04-09T18:00:00,System,update,"{'old_action': <ActionType.ALLOW: 'allow'>, 'new_action': <ActionType.ALLOW: 'allow'>, 'throttle': None, 'qos': 0}"
2025-04-10T10:00:00,Admin,Throttle RSTP to 460kbps,Bandwidth management for 6h (traffic was high)
2025-04-10T10:00:00,System,update,"{'old_action': <ActionType.ALLOW: 'allow'>, 'new_action': <ActionType.THROTTLE: 'throttle'>, 'throttle': 460, 'qos': 0}"
2025-04-10T13:00:00,Admin,Throttle RSTP to 793kbps,Bandwidth management for 29h (traffic was high)
2025-04-10T13:00:00,System,update,"{'old_action': <ActionType.THROTTLE: 'throttle'>, 'new_action': <ActionType.THROTTLE: 'throttle'>, 'throttle': 793, 'qos': 0}"
2025-04-10T14:00:00,System,reset_defaults,All protocols reset to ALLOW
2025-04-10T16:00:00,Admin (Auto-Revert),Revert RSTP to allow,End throttling
2025-04-10T16:00:00,System,update,"{'old_action': <ActionType.ALLOW: 'allow'>, 'new_action': <ActionType.ALLOW: 'allow'>, 'throttle': None, 'qos': 0}"
2025-04-10T16:00:00,System,reset_defaults,All protocols reset to ALLOW
2025-04-11T08:00:00,Admin (Auto-Revert),Revert RSTP to allow,End throttling
2025-04-11T08:00:00,System,update,"{'old_action': <ActionType.ALLOW: 'allow'>, 'new_action': <ActionType.ALLOW: 'allow'>, 'throttle': None, 'qos': 0}"
2025-04-11T18:00:00,Admin (Auto-Revert),Revert RSTP to allow,End throttling
2025-04-11T18:00:00,System,update,"{'old_action': <ActionType.ALLOW: 'allow'>, 'new_action': <ActionType.ALLOW: 'allow'>, 'throttle': None, 'qos': 0}"
2025-04-14T13:00:00,Admin,Throttle DNS to 147kbps,Bandwidth management for 40h (traffic was high)
2025-04-14T13:00:00,System,update,"{'old_action': <ActionType.ALLOW: 'allow'>, 'new_action': <ActionType.THROTTLE: 'throttle'>, 'throttle': 147, 'qos': 0}"
2025-04-14T15:00:00,Admin,Throttle RSTP to 121kbps,Bandwidth management for 33h (traffic was high)
2025-04-14T15:00:00,System,update,"{'old_action': <ActionType.ALLOW: 'allow'>, 'new_action': <ActionType.THROTTLE: 'throttle'>, 'throttle': 121, 'qos': 0}"
2025-04-14T16:00:00,Admin,Throttle HTTPS to 228kbps,Bandwidth management for 18h (traffic was high)
2025-04-14T16:00:00,System,update,"{'old_action': <ActionType.ALLOW: 'allow'>, 'new_action': <ActionType.THROTTLE: 'throttle'>, 'throttle': 228, 'qos': 0}"
2025-04-14T18:00:00,System,reset_defaults,All protocols reset to ALLOW
2025-04-14T20:00:00,System,reset_defaults,All protocols reset to ALLOW
2025-04-15T10:00:00,Admin (Auto-Revert),Revert HTTPS to allow,End throttling
2025-04-15T10:00:00,System,update,"{'old_action': <ActionType.ALLOW: 'allow'>, 'new_action': <ActionType.ALLOW: 'allow'>, 'throttle': None, 'qos': 0}"
2025-04-16T00:00:00,Admin (Auto-Revert),Revert RSTP to allow,End throttling
2025-04-16T00:00:00,System,update,"{'old_action': <ActionType.ALLOW: 'allow'>, 'new_action': <ActionType.ALLOW: 'allow'>, 'throttle': None, 'qos': 0}"
2025-04-16T05:00:00,Admin (Auto-Revert),Revert DNS to allow,End throttling
2025-04-16T05:00:00,System,update,"{'old_action': <ActionType.ALLOW: 'allow'>, 'new_action': <ActionType.ALLOW: 'allow'>, 'throttle': None, 'qos': 0}"
2025-04-16T11:00:00,Admin,Throttle SMTP to 733kbps,Bandwidth management for 28h (traffic was high)
2025-04-16T11:00:00,System,update,"{'old_action': <ActionType.ALLOW: 'allow'>, 'new_action': <ActionType.THROTTLE: 'throttle'>, 'throttle': 733, 'qos': 0}"
2025-04-16T15:00:00,Admin,Disable RSTP,"Investigating issue, blocked for 19h"
2025-04-16T15:00:00,System,update,"{'old_action': <ActionType.ALLOW: 'allow'>, 'new_action': <ActionType.DENY: 'deny'>, 'throttle': None, 'qos': 0}"
2025-04-17T10:00:00,Admin (Auto-Revert),Revert RSTP to allow,Planned maintenance end
2025-04-17T10:00:00,System,update,"{'old_action': <ActionType.DENY: 'deny'>, 'new_action': <ActionType.ALLOW: 'allow'>, 'throttle': None, 'qos': 0}"
2025-04-17T11:00:00,Admin,Disable RSTP,"Investigating issue, blocked for 13h"
2025-04-17T11:00:00,System,update,"{'old_action': <ActionType.ALLOW: 'allow'>, 'new_action': <ActionType.DENY: 'deny'>, 'throttle': None, 'qos': 0}"
2025-04-17T14:00:00,Admin,Disable RDP,"Investigating issue, blocked for 16h"
2025-04-17T14:00:00,System,update,"{'old_action': <ActionType.ALLOW: 'allow'>, 'new_action': <ActionType.DENY: 'deny'>, 'throttle': None, 'qos': 0}"
2025-04-17T15:00:00,Admin (Auto-Revert),Revert SMTP to allow,End throttling
2025-04-17T15:00:00,System,update,"{'old_action': <ActionType.THROTTLE: 'throttle'>, 'new_action': <ActionType.ALLOW: 'allow'>, 'throttle': 733, 'qos': 0}"
2025-04-18T00:00:00,Admin (Auto-Revert),Revert RSTP to allow,Planned maintenance end
2025-04-18T00:00:00,System,update,"{'old_action': <ActionType.DENY: 'deny'>, 'new_action': <ActionType.ALLOW: 'allow'>, 'throttle': None, 'qos': 0}"
2025-04-18T06:00:00,Admin (Auto-Revert),Revert RDP to allow,Planned maintenance end
2025-04-18T06:00:00,System,update,"{'old_action': <ActionType.DENY: 'deny'>, 'new_action': <ActionType.ALLOW: 'allow'>, 'throttle': None, 'qos': 0}"
2025-04-23T13:00:00,Admin,Throttle RSTP to 877kbps,Bandwidth management for 23h (traffic was high)
2025-04-23T13:00:00,System,update,"{'old_action': <ActionType.ALLOW: 'allow'>, 'new_action': <ActionType.THROTTLE: 'throttle'>, 'throttle': 877, 'qos': 0}"
2025-04-23T16:00:00,System,reset_defaults,All protocols reset to ALLOW
2025-04-23T18:00:00,System,reset_defaults,All protocols reset to ALLOW
2025-04-24T12:00:00,Admin (Auto-Revert),Revert RSTP to allow,End throttling
2025-04-24T12:00:00,System,update,"{'old_action': <ActionType.ALLOW: 'allow'>, 'new_action': <ActionType.ALLOW: 'allow'>, 'throttle': None, 'qos': 0}"
2025-04-25T11:00:00,Admin,Disable NTP,"Investigating issue, blocked for 8h"
2025-04-25T11:00:00,System,update,"{'old_action': <ActionType.ALLOW: 'allow'>, 'new_action': <ActionType.DENY: 'deny'>, 'throttle': None, 'qos': 0}"
2025-04-25T19:00:00,Admin (Auto-Revert),Revert NTP to allow,Planned maintenance end
2025-04-25T19:00:00,System,update,"{'old_action': <ActionType.DENY: 'deny'>, 'new_action': <ActionType.ALLOW: 'allow'>, 'throttle': None, 'qos': 0}"
2025-04-28T13:00:00,Admin,Disable RSTP,"Investigating issue, blocked for 18h"
2025-04-28T13:00:00,System,update,"{'old_action': <ActionType.ALLOW: 'allow'>, 'new_action': <ActionType.DENY: 'deny'>, 'throttle': None, 'qos': 0}"
2025-04-29T07:00:00,Admin (Auto-Revert),Revert RSTP to allow,Planned maintenance end
2025-04-29T07:00:00,System,update,"{'old_action': <ActionType.DENY: 'deny'>, 'new_action': <ActionType.ALLOW: 'allow'>, 'throttle': None, 'qos': 0}"
2025-04-30T14:00:00,Admin,Throttle RSTP to 698kbps,Bandwidth management for 30h (traffic was high)
2025-04-30T14:00:00,System,update,"{'old_action': <ActionType.ALLOW: 'allow'>, 'new_action': <ActionType.THROTTLE: 'throttle'>, 'throttle': 698, 'qos': 0}"
2025-04-30T17:00:00,System,reset_defaults,All protocols reset to ALLOW
2025-04-30T19:00:00,System,reset_defaults,All protocols reset to ALLOW
2025-05-01T17:00:00,Admin,Throttle SMB to 779kbps,Bandwidth management for 30h (traffic was high)
2025-05-01T17:00:00,System,update,"{'old_action': <ActionType.ALLOW: 'allow'>, 'new_action': <ActionType.THROTTLE: 'throttle'>, 'throttle': 779, 'qos': 0}"
2025-05-01T20:00:00,Admin (Auto-Revert),Revert RSTP to allow,End throttling
2025-05-01T20:00:00,System,update,"{'old_action': <ActionType.ALLOW: 'allow'>, 'new_action': <ActionType.ALLOW: 'allow'>, 'throttle': None, 'qos': 0}"
2025-05-02T23:00:00,Admin (Auto-Revert),Revert SMB to allow,End throttling
2025-05-02T23:00:00,System,update,"{'old_action': <ActionType.THROTTLE: 'throttle'>, 'new_action': <ActionType.ALLOW: 'allow'>, 'throttle': 779, 'qos': 0}"
2025-05-06T15:00:00,Admin,Throttle RSTP to 230kbps,Bandwidth management for 24h (traffic was high)
2025-05-06T15:00:00,System,update,"{'old_action': <ActionType.ALLOW: 'allow'>, 'new_action': <ActionType.THROTTLE: 'throttle'>, 'throttle': 230, 'qos': 0}"
2025-05-06T18:00:00,System,reset_defaults,All protocols reset to ALLOW
2025-05-06T20:00:00,System,reset_defaults,All protocols reset to ALLOW
2025-05-07T15:00:00,Admin (Auto-Revert),Revert RSTP to allow,End throttling
2025-05-07T15:00:00,System,update,"{'old_action': <ActionType.ALLOW: 'allow'>, 'new_action': <ActionType.ALLOW: 'allow'>, 'throttle': None, 'qos': 0}"
2025-05-12T17:00:00,Admin,Disable RSTP,"Investigating issue, blocked for 22h"
2025-05-12T17:00:00,System,update,"{'old_action': <ActionType.ALLOW: 'allow'>, 'new_action': <ActionType.DENY: 'deny'>, 'throttle': None, 'qos': 0}"
2025-05-13T14:00:00,Admin,Disable DNS,"Investigating issue, blocked for 20h"
2025-05-13T14:00:00,System,update,"{'old_action': <ActionType.ALLOW: 'allow'>, 'new_action': <ActionType.DENY: 'deny'>, 'throttle': None, 'qos': 0}"
2025-05-13T15:00:00,Admin (Auto-Revert),Revert RSTP to allow,Planned maintenance end
2025-05-13T15:00:00,System,update,"{'old_action': <ActionType.DENY: 'deny'>, 'new_action': <ActionType.ALLOW: 'allow'>, 'throttle': None, 'qos': 0}"
2025-05-14T10:00:00,Admin (Auto-Revert),Revert DNS to allow,Planned maintenance end
2025-05-14T10:00:00,System,update,"{'old_action': <ActionType.DENY: 'deny'>, 'new_action': <ActionType.ALLOW: 'allow'>, 'throttle': None, 'qos': 0}"
2025-05-14T11:00:00,Admin,Disable RSTP,"Investigating issue, blocked for 10h"
2025-05-14T11:00:00,System,update,"{'old_action': <ActionType.ALLOW: 'allow'>, 'new_action': <ActionType.DENY: 'deny'>, 'throttle': None, 'qos': 0}"
2025-05-14T14:00:00,Admin,Disable RSTP,"Investigating issue, blocked for 12h"
2025-05-14T14:00:00,System,update,"{'old_action': <ActionType.DENY: 'deny'>, 'new_action': <ActionType.DENY: 'deny'>, 'throttle': None, 'qos': 0}"
2025-05-14T21:00:00,Admin (Auto-Revert),Revert RSTP to allow,Planned maintenance end
2025-05-14T21:00:00,System,update,"{'old_action': <ActionType.DENY: 'deny'>, 'new_action': <ActionType.ALLOW: 'allow'>, 'throttle': None, 'qos': 0}"
2025-05-15T02:00:00,Admin (Auto-Revert),Revert RSTP to allow,Planned maintenance end
2025-05-15T02:00:00,System,update,"{'old_action': <ActionType.ALLOW: 'allow'>, 'new_action': <ActionType.ALLOW: 'allow'>, 'throttle': None, 'qos': 0}"
2025-05-16T15:00:00,Admin,Throttle ICMP to 213kbps,Bandwidth management for 20h (traffic was high)
2025-05-16T15:00:00,System,update,"{'old_action': <ActionType.ALLOW: 'allow'>, 'new_action': <ActionType.THROTTLE: 'throttle'>, 'throttle': 213, 'qos': 0}"
2025-05-17T11:00:00,Admin (Auto-Revert),Revert ICMP to allow,End throttling
2025-05-17T11:00:00,System,update,"{'old_action': <ActionType.THROTTLE: 'throttle'>, 'new_action': <ActionType.ALLOW: 'allow'>, 'throttle': 213, 'qos': 0}"
2025-05-21T15:00:00,Admin,Throttle RSTP to 950kbps,Bandwidth management for 8h (traffic was high)
2025-05-21T15:00:00,System,update,"{'old_action': <ActionType.ALLOW: 'allow'>, 'new_action': <ActionType.THROTTLE: 'throttle'>, 'throttle': 950, 'qos': 0}"
2025-05-21T18:00:00,System,reset_defaults,All protocols reset to ALLOW
2025-05-21T20:00:00,System,reset_defaults,All protocols reset to ALLOW
2025-05-21T23:00:00,Admin (Auto-Revert),Revert RSTP to allow,End throttling
2025-05-21T23:00:00,System,update,"{'old_action': <ActionType.ALLOW: 'allow'>, 'new_action': <ActionType.ALLOW: 'allow'>, 'throttle': None, 'qos': 0}"
2025-05-23T13:00:00,Admin,Throttle RSTP to 870kbps,Bandwidth management for 45h (traffic was high)
2025-05-23T13:00:00,System,update,"{'old_action': <ActionType.ALLOW: 'allow'>, 'new_action': <ActionType.THROTTLE: 'throttle'>, 'throttle': 870, 'qos': 0}"
2025-05-23T16:00:00,System,reset_defaults,All protocols reset to ALLOW
2025-05-23T18:00:00,System,reset_defaults,All protocols reset to ALLOW
2025-05-25T10:00:00,Admin (Auto-Revert),Revert RSTP to allow,End throttling
2025-05-25T10:00:00,System,update,"{'old_action': <ActionType.ALLOW: 'allow'>, 'new_action': <ActionType.ALLOW: 'allow'>, 'throttle': None, 'qos': 0}"
2025-05-27T12:00:00,Admin,Throttle HTTP to 759kbps,Bandwidth management for 25h (traffic was high)
2025-05-27T12:00:00,System,update,"{'old_action': <ActionType.ALLOW: 'allow'>, 'new_action': <ActionType.THROTTLE: 'throttle'>, 'throttle': 759, 'qos': 0}"
2025-05-28T13:00:00,Admin (Auto-Revert),Revert HTTP to allow,End throttling
2025-05-28T13:00:00,System,update,"{'old_action': <ActionType.THROTTLE: 'throttle'>, 'new_action': <ActionType.ALLOW: 'allow'>, 'throttle': 759, 'qos': 0}"
2025-05-29T10:00:00,Admin,Throttle RSTP to 532kbps,Bandwidth management for 24h (traffic was high)
2025-05-29T10:00:00,System,update,"{'old_action': <ActionType.ALLOW: 'allow'>, 'new_action': <ActionType.THROTTLE: 'throttle'>, 'throttle': 532, 'qos': 0}"
2025-05-29T13:00:00,System,reset_defaults,All protocols reset to ALLOW
2025-05-29T15:00:00,System,reset_defaults,All protocols reset to ALLOW
2025-05-30T10:00:00,Admin (Auto-Revert),Revert RSTP to allow,End throttling
2025-05-30T10:00:00,System,update,"{'old_action': <ActionType.ALLOW: 'allow'>, 'new_action': <ActionType.ALLOW: 'allow'>, 'throttle': None, 'qos': 0}"
2025-06-02T14:00:00,Admin,Throttle RSTP to 490kbps,Bandwidth management for 9h (traffic was high)
2025-06-02T14:00:00,System,update,"{'old_action': <ActionType.ALLOW: 'allow'>, 'new_action': <ActionType.THROTTLE: 'throttle'>, 'throttle': 490, 'qos': 0}"
2025-06-02T17:00:00,System,reset_defaults,All protocols reset to ALLOW
2025-06-02T19:00:00,System,reset_defaults,All protocols reset to ALLOW
2025-06-02T23:00:00,Admin (Auto-Revert),Revert RSTP to allow,End throttling
2025-06-02T23:00:00,System,update,"{'old_action': <ActionType.ALLOW: 'allow'>, 'new_action': <ActionType.ALLOW: 'allow'>, 'throttle': None, 'qos': 0}"
2025-06-05T15:00:00,Admin,Disable RSTP,"Investigating issue, blocked for 11h"
2025-06-05T15:00:00,System,update,"{'old_action': <ActionType.ALLOW: 'allow'>, 'new_action': <ActionType.DENY: 'deny'>, 'throttle': None, 'qos': 0}"
2025-06-06T02:00:00,Admin (Auto-Revert),Revert RSTP to allow,Planned maintenance end
2025-06-06T02:00:00,System,update,"{'old_action': <ActionType.DENY: 'deny'>, 'new_action': <ActionType.ALLOW: 'allow'>, 'throttle': None, 'qos': 0}"
2025-06-06T11:00:00,Admin,Throttle RSTP to 711kbps,Bandwidth management for 18h (traffic was high)
2025-06-06T11:00:00,System,update,"{'old_action': <ActionType.ALLOW: 'allow'>, 'new_action': <ActionType.THROTTLE: 'throttle'>, 'throttle': 711, 'qos': 0}"
2025-06-06T14:00:00,System,reset_defaults,All protocols reset to ALLOW
2025-06-06T16:00:00,System,reset_defaults,All protocols reset to ALLOW
2025-06-07T05:00:00,Admin (Auto-Revert),Revert RSTP to allow,End throttling
2025-06-07T05:00:00,System,update,"{'old_action': <ActionType.ALLOW: 'allow'>, 'new_action': <ActionType.ALLOW: 'allow'>, 'throttle': None, 'qos': 0}"
2025-06-16T15:00:00,Admin,Disable RSTP,"Investigating issue, blocked for 4h"
2025-06-16T15:00:00,System,update,"{'old_action': <ActionType.ALLOW: 'allow'>, 'new_action': <ActionType.DENY: 'deny'>, 'throttle': None, 'qos': 0}"
2025-06-16T19:00:00,Admin (Auto-Revert),Revert RSTP to allow,Planned maintenance end
2025-06-16T19:00:00,System,update,"{'old_action': <ActionType.DENY: 'deny'>, 'new_action': <ActionType.ALLOW: 'allow'>, 'throttle': None, 'qos': 0}"
2025-06-20T13:00:00,Admin,Disable SMB,"Investigating issue, blocked for 8h"
2025-06-20T13:00:00,System,update,"{'old_action': <ActionType.ALLOW: 'allow'>, 'new_action': <ActionType.DENY: 'deny'>, 'throttle': None, 'qos': 0}"
2025-06-20T21:00:00,Admin (Auto-Revert),Revert SMB to allow,Planned maintenance end
2025-06-20T21:00:00,System,update,"{'old_action': <ActionType.DENY: 'deny'>, 'new_action': <ActionType.ALLOW: 'allow'>, 'throttle': None, 'qos': 0}"
2025-06-23T17:00:00,Admin,Disable FTP,"Investigating issue, blocked for 21h"
2025-06-23T17:00:00,System,update,"{'old_action': <ActionType.ALLOW: 'allow'>, 'new_action': <ActionType.DENY: 'deny'>, 'throttle': None, 'qos': 0}"
2025-06-24T12:00:00,Admin,Throttle RSTP to 726kbps,Bandwidth management for 40h (traffic was high)
2025-06-24T12:00:00,System,update,"{'old_action': <ActionType.ALLOW: 'allow'>, 'new_action': <ActionType.THROTTLE: 'throttle'>, 'throttle': 726, 'qos': 0}"
2025-06-24T14:00:00,Admin (Auto-Revert),Revert FTP to allow,Planned maintenance end
2025-06-24T14:00:00,System,update,"{'old_action': <ActionType.DENY: 'deny'>, 'new_action': <ActionType.ALLOW: 'allow'>, 'throttle': None, 'qos': 0}"
2025-06-24T16:00:00,System,reset_defaults,All protocols reset to ALLOW
2025-06-24T18:00:00,System,reset_defaults,All protocols reset to ALLOW
2025-06-26T04:00:00,Admin (Auto-Revert),Revert RSTP to allow,End throttling
2025-06-26T04:00:00,System,update,"{'old_action': <ActionType.ALLOW: 'allow'>, 'new_action': <ActionType.ALLOW: 'allow'>, 'throttle': None, 'qos': 0}"
