timestamp,event
2025-01-03T14:00:00,System Crash
2025-01-03T16:00:00,System Crash
2025-01-03T16:00:00,System Crash
2025-01-10T16:00:00,System Crash
2025-01-10T18:00:00,System Crash
2025-01-10T18:00:00,System Crash
2025-01-14T14:00:00,System Crash
2025-01-14T16:00:00,System Crash
2025-01-15T14:00:00,System Crash
2025-01-15T16:00:00,System Crash
2025-01-15T16:00:00,System Crash
2025-01-16T15:00:00,System Crash
2025-01-16T17:00:00,System Crash
2025-01-23T18:00:00,System Crash
2025-02-06T15:00:00,System Crash
2025-02-06T17:00:00,System Crash
2025-02-06T17:00:00,System Crash
2025-02-11T16:00:00,System Crash
2025-02-11T18:00:00,System Crash
2025-02-20T14:00:00,System Crash
2025-02-20T16:00:00,System Crash
2025-02-20T16:00:00,System Crash
2025-03-03T12:00:00,System Crash
2025-03-03T14:00:00,System Crash
2025-03-03T14:00:00,System Crash
2025-03-14T19:00:00,System Crash
2025-03-14T21:00:00,System Crash
2025-03-17T17:00:00,System Crash
2025-03-17T19:00:00,System Crash
2025-03-17T19:00:00,System Crash
2025-03-18T13:00:00,System Crash
2025-03-18T15:00:00,System Crash
2025-03-20T19:00:00,System Crash
2025-03-20T21:00:00,System Crash
2025-03-21T16:00:00,System Crash
2025-03-21T18:00:00,System Crash
2025-03-21T18:00:00,System Crash
2025-03-31T17:00:00,System Crash
2025-03-31T19:00:00,System Crash
2025-03-31T19:00:00,System Crash
2025-04-09T14:00:00,System Crash
2025-04-09T16:00:00,System Crash
2025-04-09T16:00:00,System Crash
2025-04-10T14:00:00,System Crash
2025-04-10T16:00:00,System Crash
2025-04-10T16:00:00,System Crash
2025-04-14T18:00:00,System Crash
2025-04-14T20:00:00,System Crash
2025-04-23T16:00:00,System Crash
2025-04-23T18:00:00,System Crash
2025-04-23T18:00:00,System Crash
2025-04-30T17:00:00,System Crash
2025-04-30T19:00:00,System Crash
2025-05-06T18:00:00,System Crash
2025-05-06T20:00:00,System Crash
2025-05-06T20:00:00,System Crash
2025-05-21T18:00:00,System Crash
2025-05-21T20:00:00,System Crash
2025-05-21T20:00:00,System Crash
2025-05-23T16:00:00,System Crash
2025-05-23T18:00:00,System Crash
2025-05-23T18:00:00,System Crash
2025-05-29T13:00:00,System Crash
2025-05-29T15:00:00,System Crash
2025-05-29T15:00:00,System Crash
2025-06-02T17:00:00,System Crash
2025-06-02T19:00:00,System Crash
2025-06-02T19:00:00,System Crash
2025-06-06T14:00:00,System Crash
2025-06-06T16:00:00,System Crash
2025-06-06T16:00:00,System Crash
2025-06-24T16:00:00,System Crash
2025-06-24T18:00:00,System Crash
2025-06-24T18:00:00,System Crash
